曲柄转角(度),时间(s),工作阻力(N),O1水平反力(N),O1垂直反力(N),O1反力大小(N),O2水平反力(N),O2垂直反力(N),O2反力大小(N),平衡力矩(N·m)
0.0,0.0,0.0,-0.011987228238454101,-446.35499999999996,446.35500016096336,-0.007991485492302735,-191.295,191.295000166925,0.0
1.0027855153203342,0.0034108350861235858,154.00893574729332,-92.42369744877662,-446.35499999999996,455.8233494185033,-61.61579829918442,-191.295,200.9733405828887,0.2210156463387661
2.0055710306406684,0.0068216701722471716,307.9706971719126,-184.80780837068397,-446.35499999999996,483.10114061113063,-123.20520558045598,-191.295,227.53746879826718,0.8837918097678886
3.0083565459610027,0.010232505258370758,461.83812440110324,-277.12966458968623,-446.35499999999996,525.3890339744369,-184.75310972645752,-191.295,265.94640170266723,1.9875164952644286
4.011142061281337,0.013643340344494343,615.5640864575233,-369.3666189742857,-446.35499999999996,579.3655885859076,-246.2444126495238,-191.295,311.8173949383019,3.530837483179022
5.01392757660167,0.017054175430617928,769.1014956958863,-461.4904163493696,-446.35499999999996,642.0328577318411,-307.6602775662464,-191.295,362.28251878491153,5.511863985897189
6.016713091922005,0.020465010516741516,922.4033222263308,-553.4728362771363,-446.35499999999996,711.0309181193584,-368.98189085142417,-191.295,415.62171839461456,7.9281689643229685
7.0194986072423395,0.0238758456028651,1075.422608320097,-645.2857017094491,-446.35499999999996,784.618648042255,-430.19046780629947,-191.295,470.805284184877,10.776792101346825
8.022284122562674,0.027286680688988686,1228.1124827931042,-736.9008876261997,-446.35499999999996,861.5426305234588,-491.2672584174665,-191.295,527.1975874546599,14.054243428654988
9.025069637883007,0.03069751577511227,1380.4261753630149,-828.290329656966,-446.35499999999996,940.9025753117298,-552.1935531046441,-191.295,584.3898502843213,17.756507602436773
10.02785515320334,0.034108350861235856,1532.3170309753918,-919.426032683281,-446.35499999999996,1022.045505640878,-612.9506884555207,-191.295,642.1077195479718,21.879048822751557
11.030640668523676,0.037519185947359444,1683.7385240945646,-1010.2800794188391,-446.35499999999996,1104.4902104118153,-673.5200529458929,-191.295,700.1592952644693,26.416816390528602
12.03342618384401,0.04093002103348303,1834.644272954815,-1100.8246389649826,-446.35499999999996,1187.8752761874389,-733.8830926433218,-191.295,758.4050175814546,31.364250895391358
13.036211699164344,0.044340856119606614,1984.9880537675317,-1191.0319753388417,-446.35499999999996,1271.923721103016,-794.0213168925611,-191.295,816.7396333623077,36.71529102672554
14.038997214484679,0.0477516912057302,2134.723814879975,-1280.874455971513,-446.35499999999996,1356.4188726146947,-853.9163039810088,-191.295,875.0810426638133,42.46338099964644
15.04178272980501,0.051162526291853784,2283.8056908813073,-1370.3245601736764,-446.35499999999996,1441.1877692515227,-913.549706782451,-191.295,933.3631896466146,48.6014785867672
16.044568245125348,0.05457336137797737,2432.1880166515857,-1459.3548875660927,-446.35499999999996,1526.0896021820092,-972.9032583773951,-191.295,991.5314050429025,55.12206374592876
17.04735376044568,0.05798419646410096,2579.825341349395,-1547.9381664724156,-446.35499999999996,1611.0075584077758,-1031.9587776482772,-191.295,1049.5392778692594,62.017147833320315
18.050139275766014,0.06139503155022454,2726.672442333852,-1636.0472622717998,-446.35499999999996,1695.8429851882076,-1090.6981748478665,-191.295,1107.3465065829519,69.27828339070386
19.05292479108635,0.06480586663634813,2872.684339016709,-1723.655185708786,-446.35499999999996,1780.5111584165343,-1149.1034571391908,-191.295,1164.9173928799587,76.89657449475149
20.05571030640668,0.06821670172247171,3017.8163066403063,-1810.7351011579706,-446.35499999999996,1864.9381739324672,-1207.156734105314,-191.295,1222.2197665398835,84.86268765581585
21.058495821727018,0.07162753680859531,3162.0238899771766,-1897.2603348409996,-446.35499999999996,1949.0586353893978,-1264.8402232273331,-191.295,1279.2242052583158,93.16686325278233
22.06128133704735,0.07503837189471889,3305.2629169470724,-1983.2043829934094,-446.35499999999996,2032.8139144420645,-1322.1362553289398,-191.295,1335.903460089924,101.79892748999188
23.064066852367684,0.07844920698084247,3447.4895121472787,-2068.5409199789065,-446.35499999999996,2116.1508272455867,-1379.0272799859379,-191.295,1392.2320266286129,110.74830486158743
24.06685236768802,0.08186004206696607,3588.66011029204,-2153.2438063486443,-446.35499999999996,2199.0206173666943,-1435.4958708990962,-191.295,1448.1858210855935,120.00403110801189
25.069637883008355,0.08527087715308965,3728.731469556997,-2237.287096843105,-446.35499999999996,2281.378166750451,-1491.5247312287368,-191.295,1503.7419329432678,129.55476664878455
26.072423398328688,0.08868171223921323,3867.6606848245538,-2320.645048334207,-446.35499999999996,2363.181378223659,-1547.0966988894716,-191.295,1558.8784342403676,139.38881047509977
27.07520891364902,0.09209254732533682,4005.405200826095,-2403.292127705259,-446.35499999999996,2444.390688313771,-1602.1947518035063,-191.295,1613.574231243081,149.4941144852259
28.077994428969358,0.0955033824114604,4141.922825177048,-2485.203019666416,-446.35499999999996,2524.9686800006198,-1656.802013110944,-191.295,1667.8089481932507,159.85829824514263
29.080779944289695,0.098914217497584,4277.171741300796,-2566.352634503302,-446.35499999999996,2604.879772781661,-1710.9017563355349,-191.295,1721.5628355819656,170.46866415633306
30.08356545961002,0.10232505258370757,4411.11052123746,-2646.71611575648,-446.35499999999996,2684.0899730504693,-1764.4774105043202,-191.295,1774.8166973535695,181.31221301214646
31.086350974930358,0.10573588766983115,4543.698138333671,-2726.2688478294754,-446.35499999999996,2762.566671895984,-1817.5125652196505,-191.295,1827.551832850799,192.3756599236753
32.089136490250695,0.10914672275595474,4674.893979809385,-2804.9864635230474,-446.35499999999996,2840.2784804614726,-1869.9909756820318,-191.295,1879.749990333086,203.6454505956317
33.09192200557103,0.11255755784207834,4804.657859197963,-2882.8448514934803,-446.35499999999996,2917.195095259737,-1921.8965676623204,-191.295,1931.39332965018,215.10777793228706
34.09470752089136,0.11596839292820192,4932.95002865563,-2959.8201636326085,-446.35499999999996,2993.2871875366654,-1973.2134424217393,-191.295,1982.4643922095677,226.74859895312662
35.097493036211695,0.11937922801432549,5059.731191136606,-3035.888822367374,-446.35499999999996,3068.526312059286,-2023.9258815782496,-191.295,2032.9460767928142,238.55365199749704
36.10027855153203,0.12279006310044908,5184.962512430144,-3111.0275278766994,-446.35499999999996,3142.884831684357,-2074.0183519178,-191.295,2082.821620090599,250.50847419716868
37.10306406685236,0.12620089818657268,5308.605633055796,-3185.213265223486,-446.35499999999996,3216.335854816885,-2123.475510148991,-191.295,2132.074581065943,262.59841919540474
38.1058495821727,0.12961173327269626,5430.622680013267,-3258.4233113995783,-446.35499999999996,3288.8531834512155,-2172.2822075997187,-191.295,2180.688828439149,274.8086750908304
39.108635097493035,0.13302256835881984,5550.976278383258,-3330.635242281546,-446.35499999999996,3360.411269941948,-2220.4234948543644,-191.295,2228.648530730288,287.12428258411813
40.11142061281336,0.13643340344494342,5669.62956277574,-3401.8269394951726,-446.35499999999996,3430.985181008524,-2267.884626330115,-191.295,2275.9381484059463,299.53015330525585
41.1142061281337,0.139844238531067,5786.546188622152,-3471.9765971865404,-446.35499999999996,3500.550567758739,-2314.651064791027,-191.295,2322.5424277638576,312.01108829894537
42.116991643454035,0.14325507361719061,5901.690343308068,-3541.0627286976555,-446.35499999999996,3569.083640739831,-2360.708485798437,-191.295,2368.4463962576287,324.5517966454827
43.11977715877437,0.1466659087033142,6015.026757142932,-3609.0641731445717,-446.35499999999996,3636.5611492041094,-2406.042782096381,-191.295,2413.635359018237,337.13691419430955
44.1225626740947,0.15007674378943778,6126.520714163469,-3675.960101895973,-446.35499999999996,3702.960363919124,-2450.640067930649,-191.295,2458.0948963724195,349.7510223872811
45.12534818941504,0.15348757887556136,6236.138062767512,-3741.7300249502687,-446.35499999999996,3768.25906296785,-2494.4866833001797,-191.295,2501.8108621930096,362.3786671485925
46.12813370473537,0.15689841396168494,6343.845226174921,-3806.3537972091863,-446.35499999999996,3832.435520077773,-2537.5691981394575,-191.295,2544.769382944382,375.0043778182172
47.1309192200557,0.16030924904780852,6449.609212712486,-3869.8116246459967,-446.35499999999996,3895.4684950940486,-2579.8744164306645,-191.295,2586.9568573090783,387.6126861056674
48.13370473537604,0.16372008413393213,6553.397625919543,-3932.0840703664144,-446.35499999999996,3957.33722627404,-2621.3893802442763,-191.295,2628.359956300216,400.1881450408464
49.136490250696376,0.1671309192200557,6655.178674471319,-3993.1520605603523,-446.35499999999996,4018.0214241318313,-2662.101373706902,-191.295,2668.96562377959,412.7153478987843
50.13927576601671,0.1705417543061793,6754.921181916894,-4052.996890342668,-446.35499999999996,4077.501266603401,-2701.997926895112,-191.295,2708.761077313849,425.17894707506605
51.14206128133704,0.17395258939230288,6852.594596228831,-4111.600229481115,-446.35499999999996,4135.757395338145,-2741.0668196540773,-191.295,2747.733809311506,437.56367288882905
52.144846796657376,0.17736342447842646,6948.168999161534,-4168.944128009733,-446.35499999999996,4192.770912951461,-2779.296085339822,-191.295,2785.871588392089,449.8543522902921
53.14763231197771,0.18077425956455004,7041.615115415483,-4225.011021725938,-446.35499999999996,4248.523381097326,-2816.6740144839587,-191.295,2823.1624609459122,462.03592744990004
54.15041782729804,0.18418509465067365,7132.90432160451,-4279.783737569619,-446.35499999999996,4302.996819240095,-2853.189158379746,-191.295,2859.594752848858,474.09347420630365
55.15320334261838,0.18759592973679723,7222.008655023409,-4333.245498882595,-446.35499999999996,4356.1737040218295,-2888.8303325883967,-191.295,2895.157071301622,486.0122203505805
56.155988857938716,0.1910067648229208,7308.900822213161,-4385.379930546785,-446.35499999999996,4408.036969135754,-2923.5866203645232,-191.295,2929.8383067670225,497.77756372429025
57.15877437325904,0.1944175999090444,7393.554207321166,-4436.171063999528,-446.35499999999996,4458.570005628677,-2957.4473759996854,-191.295,2963.627634982577,509.3750901091949
58.16155988857939,0.197828434995168,7475.942880253922,-4485.603342124494,-446.35499999999996,4507.7566625654745,-2990.402228082996,-191.295,2996.5145190285234,520.7905908867255
59.16434540389971,0.20123927008129155,7556.041604619635,-4533.661624016672,-446.35499999999996,4555.581247997503,-3022.4410826777817,-191.295,3028.488711434045,532.0100804455585
60.16713091922004,0.20465010516741514,7633.825845458368,-4580.33118961999,-446.35499999999996,4602.028530184344,-3053.554126413327,-191.295,3059.5402563066327,543.0198133159807
61.16991643454038,0.20806094025353872,7709.2717767573085,-4625.5977442361,-446.35499999999996,4647.083739024626,-3083.7318294907336,-191.295,3089.659491471393,553.8063010100406
62.172701949860716,0.2114717753396623,7782.356288748894,-4669.447422902968,-446.35499999999996,4690.732567657228,-3112.964948601979,-191.295,3118.8370506086912,564.3563285468655
63.17548746518105,0.2148826104257859,7853.0569949895425,-4711.8667946419055,-446.35499999999996,4732.961174198874,-3141.2445297612708,-191.295,3147.0638653799365,574.6569706428913
64.17827298050139,0.2182934455119095,7921.352239216822,-4752.842866571737,-446.35499999999996,4773.756183588229,-3168.561911047825,-191.295,3174.3311675324685,584.6956075471727
65.18105849582172,0.22170428059803307,7987.221101982958,-4792.363087888828,-446.35499999999996,4813.1046895101235,-3194.908725259219,-191.295,3200.630490975565,594.4599405023719
66.18384401114206,0.22511511568415668,8050.643407062647,-4830.41535371176,-446.35499999999996,4850.994256376656,-3220.276902474507,-191.295,3225.953673820473,603.9380068124847
67.1866295264624,0.22852595077028026,8111.599727633218,-4866.988008789462,-446.35499999999996,4887.412921344523,-3244.6586725263082,-191.295,3250.292860378151,613.1181944988434
68.18941504178272,0.23193678585640384,8170.071392225242,-4902.0698510716475,-446.35499999999996,4922.349196350317,-3268.0465673810986,-191.295,3273.6405031090967,621.989256526443
69.19220055710306,0.23534762094252745,8226.04049044177,-4935.650135140476,-446.35499999999996,4955.792070147536,-3290.433423426984,-191.295,3295.989364520223,630.540324583156
70.19498607242339,0.23875845602865098,8279.48987844445,-4967.718575502365,-446.35499999999996,4987.731010330875,-3311.8123836682435,-191.295,3317.332519004288,638.760922394961
71.19777158774372,0.2421692911147746,8330.403184204843,-4998.26534973896,-446.35499999999996,5018.155965334889,-3332.176899825974,-191.295,3337.663354617844,646.6409785608677
72.20055710306406,0.24558012620089817,8378.764812519315,-5027.281101516264,-446.35499999999996,5047.057366395549,-3351.520734344176,-191.295,3356.975574794062,654.1708388918149
73.2033426183844,0.24899096128702175,8424.559949785993,-5054.756943451026,-446.35499999999996,5074.42612946443,-3369.837962300684,-191.295,3375.2631999871987,661.3412782384239
74.20612813370472,0.25240179637314536,8467.7745685423,-5080.684459833499,-446.35499999999996,5100.253657066344,-3387.122973222333,-191.295,3392.520569245748,668.1435117931184
75.20891364902506,0.2558126314592689,8508.395431761699,-5105.055709205734,-446.35499999999996,5124.531840092231,-3403.3704728038233,-191.295,3408.7423417116643,674.5692058527632
76.2116991643454,0.2592234665453925,8546.410096908314,-5127.863226794603,-446.35499999999996,5147.253059519938,-3418.575484529736,-191.295,3423.923498043249,680.6104880286343
77.21448467966573,0.26263430163151613,8581.80691974818,-5149.1000267988165,-446.35499999999996,5168.41018805634,-3432.733351199211,-191.295,3438.059341759587,686.2599568912153
78.21727019498607,0.2660451367176397,8614.575057915989,-5168.759604529241,-446.35499999999996,5187.996591694937,-3445.8397363528275,-191.295,3451.1455005045964,691.5106910379997
79.2200557103064,0.2694559718037633,8644.704474236196,-5186.835938401836,-446.35499999999996,5206.006131183659,-3457.890625601224,-191.295,3463.1779272289527,696.3562575731936
80.22284122562672,0.27286680688988685,8672.185939797502,-5203.323491782611,-446.35499999999996,5222.433163398244,-3468.8823278550744,-191.295,3474.152901288347,700.7907199889275
81.22562674094706,0.27627764197601046,8697.011036779752,-5218.21721468405,-446.35499999999996,5237.272542617003,-3478.8114764560337,-191.295,3484.067029456696,704.808645438323
82.2284122562674,0.279688477062134,8719.172161032377,-5231.512545312442,-446.35499999999996,5250.51962169331,-3487.6750302082946,-191.295,3492.917246853041,708.4051113915006
83.23119777158773,0.2830993121482576,8738.662524403631,-5243.2054114656985,-446.35499999999996,5262.170253122583,-3495.4702743104663,-191.295,3500.700817781075,711.5757116663806
84.23398328690807,0.28651014723438123,8755.476156819857,-5253.292231781183,-446.35499999999996,5272.220790000882,-3502.194821187455,-191.295,3507.415336480302,714.3165618268823
85.2367688022284,0.2899209823205048,8769.607908114167,-5261.769916833178,-446.35499999999996,5280.668086872686,-3507.8466112221195,-191.295,3513.0587277880095,716.6243039419091
86.23955431754874,0.2933318174066284,8781.053449603995,-5268.635870079691,-446.35499999999996,5287.509500465732,-3512.4239133864608,-191.295,3517.6292477113134,718.4961106992934
87.24233983286908,0.29674265249275195,8789.809275417001,-5273.887988658238,-446.35499999999996,5292.742890311094,-3515.9253257721593,-191.295,3521.12548390867,719.9296888696539
88.2451253481894,0.30015348757887556,8795.872703564964,-5277.524664030444,-446.35499999999996,5296.366619247071,-3518.3497760202963,-191.295,3523.5463560803437,720.9232821159292
89.24791086350974,0.30356432266499916,8799.241876765287,-5279.544782475184,-446.35499999999996,5298.379553805667,-3519.6965216501226,-191.295,3524.891116267419,721.4756731451399
90.25069637883009,0.3069751577511227,8799.915763009903,-5279.94772543017,-446.35499999999996,5298.781064480795,-3519.9651502867805,-191.295,3525.1593490590517,721.5861851997447
91.2534818941504,0.31038599283724627,8797.894155881395,-5278.733369681869,-446.35499999999996,5297.571025877604,-3519.1555797879128,-191.295,3524.3509717077554,721.2546828867664
92.25626740947074,0.3137968279233699,8793.177674616216,-5275.902087403646,-446.35499999999996,5294.749816742539,-3517.2680582690978,-191.295,3522.4662341525814,720.481572343666
93.25905292479108,0.3172076630094935,8785.76776391501,-5271.454746042203,-446.35499999999996,5290.318319874133,-3514.3031640281356,-191.295,3519.5057189502,719.2678007407669
94.2618384401114,0.32061849809561704,8775.666693500094,-5265.392708052273,-446.35499999999996,5284.2779219146905,-3510.261805368182,-191.295,3515.4703411139294,717.6148551208368
95.26462395543174,0.32402933318174065,8762.87755742022,-5257.717830479699,-446.35499999999996,5276.630513023359,-3505.1452203197996,-191.295,3510.361347860892,715.5247605772494
96.26740947075209,0.32744016826786426,8747.404273102833,-5248.432464393,-446.35499999999996,5267.378486431308,-3498.9549762620004,-191.295,3504.1803182675426,713.000077772956
97.27019498607241,0.3308510033539878,8729.25158015414,-5237.539454163612,-446.35499999999996,5256.524737880101,-3491.692969442409,-191.295,3496.9291628339492,710.0438998033104
98.27298050139275,0.3342618384401114,8708.425038907313,-5225.042136595017,-446.35499999999996,5244.07266494453,-3483.3614243966786,-191.295,3488.610122957258,706.6598484065867
99.27576601671309,0.337672673526235,8684.931028719315,-5210.944339901026,-446.35499999999996,5230.026166241574,-3473.962893267351,-191.295,3479.225770314922,702.8520695268348
100.27855153203342,0.3410835086123586,8658.776746016852,-5195.250382533545,-446.35499999999996,5214.389640527446,-3463.500255022364,-191.295,3468.77900615836,698.6252282345114
101.28133704735376,0.3444943436984822,8629.97020209203,-5177.965071860157,-446.35499999999996,5197.16798568497,-3451.9767145734386,-191.295,3457.2730605178167,693.9845030111024
102.28412256267409,0.34790517878460575,8598.520220648434,-5159.093702691937,-446.35499999999996,5178.366597603978,-3439.395801794625,-191.295,3444.7114913193373,688.9355794047499
103.28690807799441,0.3513160138707293,8564.43643509834,-5138.642055661969,-446.35499999999996,5157.991368957772,-3425.7613704413125,-191.295,3431.098183414887,683.4846430646451
104.28969359331475,0.3547268489568529,8527.729285611924,-5116.61639545502,-446.35499999999996,5136.048687879051,-3411.077596970014,-191.295,3416.4373475267657,677.6383721627302
105.29247910863509,0.3581376840429765,8488.410015919335,-5093.023468888957,-446.35499999999996,5112.545436539289,-3395.348979259305,-191.295,3400.7335191076354,671.4039292119879
106.29526462395542,0.3615485191291001,8446.490669866647,-5067.870502848457,-446.35499999999996,5087.488989635896,-3378.580335232305,-191.295,3383.991557117635,664.7889522913449
107.29805013927576,0.3649593542152237,8401.98408772671,-5041.165202071658,-446.35499999999996,5060.887212792159,-3360.776801381106,-191.295,3366.2166427201946,657.801545687938
108.30083565459609,0.3683701893013473,8354.903902266076,-5012.915746790444,-446.35499999999996,5032.7484608754885,-3341.94383119363,-191.295,3347.4142778984137,650.450269968213
109.30362116991643,0.37178102438747085,8305.264534569138,-4983.130790225029,-446.35499999999996,5003.08157624016,-3322.087193483353,-191.295,3327.5902839939745,642.7441314900111
110.30640668523677,0.37519185947359446,8253.08118962084,-4951.819455933674,-446.35499999999996,4971.895886901521,-3301.21297062245,-191.295,3306.750800170902,634.6925713685016
111.30919220055709,0.37860269455971807,8198.369851649246,-4918.99133501829,-446.35499999999996,4939.201204649393,-3279.32755667886,-191.295,3284.9022818066205,626.3054539094733
112.31197771587743,0.3820135296458416,8141.147279229427,-4884.6564831868,-446.35499999999996,4905.007823109341,-3256.437655457867,-191.295,3262.0514988131213,617.5930545241575
113.31476323119776,0.3854243647319652,8081.431000150162,-4848.825417673153,-446.35499999999996,4869.326515761521,-3232.550278448769,-191.295,3238.205533891296,608.5660471403886
114.31754874651809,0.3888351998180888,8019.23930604501,-4811.509114015913,-446.35499999999996,4832.168533927929,-3207.6727426772754,-191.295,3213.3717807218873,599.2354911255245
115.32033426183843,0.39224603490421234,7954.591246789433,-4772.71900269641,-446.35499999999996,4793.545604740234,-3181.8126684642734,-191.295,3187.557942096855,589.6128177371504
116.32311977715878,0.395656869990336,7887.5066246656315,-4732.466965637462,-446.35499999999996,4753.469929101776,-3154.9779770916416,-191.295,3160.772027995418,579.7098161181622
117.32590529247909,0.39906770507645956,7818.005988296943,-4690.765332563728,-446.35499999999996,4711.954179659083,-3127.176888375819,-191.295,3133.0223536095095,569.5386188533912
118.32869080779942,0.4024785401625831,7746.110626353598,-4647.626877224769,-446.35499999999996,4669.011498800046,-3098.4179181498457,-191.295,3104.3175373239483,559.1116871054621
119.33147632311977,0.4058893752487067,7671.842561031815,-4603.064813481969,-446.35499999999996,4624.655496698191,-3068.7098756546466,-191.295,3074.66649865727,548.4417953480971
120.33426183844009,0.4093002103348303,7595.224541308217,-4557.092791260486,-446.35499999999996,4578.900249424886,-3038.0618608403242,-191.295,3044.0784561698756,537.5420157155718
121.33704735376044,0.4127110454209539,7516.28003597159,-4509.724892367382,-446.35499999999996,4531.760297154186,-3006.483261578255,-191.295,3012.5629253469915,526.4257019874883
122.33983286908077,0.41612188050707744,7435.033226434205,-4460.975626177242,-446.35499999999996,4483.250642488376,-2973.9837507848283,-191.295,2980.129716464905,515.1064732285014
123.3426183844011,0.4195327155932011,7351.508999324815,-4410.85992518646,-446.35499999999996,4433.386748935954,-2940.57328345764,-191.295,2946.788932450006,503.5981971030235
124.34540389972143,0.4229435506793246,7265.732938865677,-4359.393140437553,-446.35499999999996,4382.18453957829,-2906.2620936250355,-191.295,2912.5509667414876,491.9149728853692
125.34818941504177,0.42635438576544826,7177.731319035851,-4306.59103681474,-446.35499999999996,4329.660395966184,-2871.060691209827,-191.295,2877.426501169969,480.07111418613493
126.3509749303621,0.4297652208515718,7087.531095523268,-4252.469788212178,-446.35499999999996,4275.831157293553,-2834.9798588081194,-191.295,2841.426503866096,468.08113141599534
127.35376044568245,0.4331760559376954,6995.159897467936,-4197.045972576122,-446.35499999999996,4220.714119902276,-2798.0306483840814,-191.295,2804.562227215086,455.9597140083839
128.35654596100278,0.436586891023819,6900.646018998912,-4140.336566822417,-446.35499999999996,4164.327037180417,-2760.2243778816114,-191.295,2766.8452058756247,443.72171242285157
129.3593314763231,0.43999772610994253,6804.018410567529,-4082.358941630594,-446.35499999999996,4106.688119925381,-2721.5726277537296,-191.295,2728.287254884159,431.3821199511403
130.36211699164343,0.44340856119606614,6705.306670079633,-4023.1308561159376,-446.35499999999996,4047.816037254801,-2682.0872374106257,-191.295,2688.9004678689694,418.95605434827064
131.36490250696377,0.4468193962821897,6604.541033829469,-3962.670452380774,-446.35499999999996,3987.729918161039,-2641.780301587183,-191.295,2648.6972154021437,406.4587393111424
132.3676880222841,0.45023023136831336,6501.752367238029,-3900.9962499462285,-446.35499999999996,3926.4493538207694,-2600.664166630819,-191.295,2607.6901435221507,393.9054858273405
133.37047353760443,0.4536410664544369,6396.97215539871,-3838.1271400656306,-446.35499999999996,3863.9944007895997,-2558.7514267104207,-191.295,2565.892172465089,381.3116734170007
134.3732590529248,0.4570519015405605,6290.232493433124,-3774.0823799205855,-446.35499999999996,3800.385585233692,-2516.054919947057,-191.295,2523.3164956490878,368.69273129070854
135.3760445682451,0.4604627366266841,6181.566076660099,-3708.8815867006842,-446.35499999999996,3735.6439083767586,-2472.587724467123,-191.295,2479.9765789641046,356.06411944652547
136.37883008356545,0.4638735717128077,6071.006190580783,-3642.5447315675156,-446.35499999999996,3669.7908533723366,-2428.363154378344,-191.295,2435.8861604285494,343.4413097292905
137.3816155988858,0.46728440679893124,5958.586700683024,-3575.0921335035187,-446.35499999999996,3602.848393849475,-2383.3947556690123,-191.295,2391.059250285436,330.8397668754138
138.38440111420613,0.4706952418850549,5844.342042068033,-3506.544453045744,-446.35499999999996,3534.8390044259268,-2337.696302030496,-191.295,2345.510131624261,318.27492956637315
139.38718662952644,0.4741060769711784,5728.307208902639,-3436.922685904289,-446.35499999999996,3465.785673539054,-2291.2817906028595,-191.295,2299.25336163139,305.7621915141372
140.38997214484678,0.47751691205730196,5610.5177437002285,-3366.2481564644327,-446.35499999999996,3395.711919012741,-2244.1654376429556,-191.295,2252.3037735918747,293.31688260167715
141.39275766016712,0.4809277471434256,5491.00972643377,-3294.542511170887,-446.35499999999996,3324.6418068623834,-2196.3616741139244,-191.295,2204.6764797905203,280.954250101682
142.39554317548743,0.4843385822295492,5369.8197634842,-3221.8277117914536,-446.35499999999996,3252.5999739427466,-2147.885141194303,-191.295,2156.3868754906366,268.6894399964832
143.3983286908078,0.4877494173156728,5246.984976427532,-3148.1260285560948,-446.35499999999996,3179.611655170702,-2098.7506857040635,-191.295,2107.4506442069473,256.5374784220696
144.4011142061281,0.49116025240179634,5122.54299066424,-3073.460033165732,-446.35499999999996,3105.702716212887,-2048.9733554438217,-191.295,2057.8837645366934,244.5132532589402
145.40389972144845,0.49457108748791995,4996.531923894173,-2997.852591662615,-446.35499999999996,3030.8996927254548,-1998.5683944417433,-191.295,2007.7025188723671,232.6314958923268
146.4066852367688,0.4979819225740435,4868.990374440839,-2921.326857151352,-446.35499999999996,2955.2298374811385,-1947.5512381009016,-191.295,1956.9235043949354,220.9067631641591
147.40947075208913,0.5013927576601671,4739.95740942837,-2843.9062623553186,-446.35499999999996,2878.7211770313565,-1895.9375082368792,-191.295,1905.5636468416549,209.3534195388616
148.41225626740945,0.5048035927462907,4609.472552814877,-2765.6145119880225,-446.35499999999996,2801.402579948792,-1843.7430079920152,-191.295,1853.64021766481,197.98561950484134
149.41504178272982,0.5082144278324143,4477.575773285939,-2686.4755749118312,-446.35499999999996,2723.303839203928,-1790.9837166078878,-191.295,1801.170855354817,186.81729023322825
150.41782729805013,0.5116252629185378,4344.30747201185,-2606.5136760468736,-446.35499999999996,2644.4557718828246,-1737.6757840312491,-191.295,1748.173591904882,175.86211451511312
151.42061281337044,0.5150360980046614,4209.708470272324,-2525.753287980167,-446.35499999999996,2564.890340300658,-1683.8355253201114,-191.295,1694.6668856607353,165.1335139981783
152.4233983286908,0.518446933090785,4073.8199969526067,-2444.219122208139,-446.35499999999996,2484.64079967164,-1629.4794148054261,-191.295,1640.669662150073,154.64463274327466
153.42618384401112,0.5218577681769087,3936.683675914716,-2361.936119922688,-446.35499999999996,2403.741878950492,-1574.6240799484588,-191.295,1586.2013649529276,144.4083211210794
154.42896935933146,0.5252686032630323,3798.3415132476143,-2278.929442220413,-446.35499999999996,2322.230003389854,-1519.2862948136087,-191.295,1531.282019300646,134.43712006856074
155.4317548746518,0.5286794383491558,3658.8358844004324,-2195.2244595740153,-446.35499999999996,2240.1435699385493,-1463.4829730493439,-191.295,1475.9323119406074,124.74324572455185
156.43454038997214,0.5320902734352794,3518.2095212024533,-2110.8467403503196,-446.35499999999996,2157.523290088098,-1407.2311602335465,-191.295,1420.17369196773,115.33857446324168
157.43732590529245,0.535501108521403,3376.505498773971,-2025.8220380878922,-446.35499999999996,2074.4126195209046,-1350.5480253919284,-191.295,1364.0284989379938,106.23462834392849
158.4401114206128,0.5389119436075266,3233.7672223319946,-1940.1762771534798,-446.35499999999996,1990.8583004458494,-1293.4508514356532,-191.295,1307.5201268449432,97.44256099485912
159.44289693593313,0.5423227786936501,3090.0384138948566,-1853.9355362762217,-446.35499999999996,1906.9110515943846,-1235.957024184148,-191.295,1250.6732357634965,88.97314394844989
160.44568245125345,0.5457336137797737,2945.363098889739,-1767.1260293082676,-446.35499999999996,1822.6264536332735,-1178.0840195388453,-191.295,1193.5140276166856,80.83675344462637
161.44846796657382,0.5491444488658973,2799.7855926672983,-1679.7740823807987,-446.35499999999996,1738.0660959420543,-1119.8493882538658,-191.295,1136.0706093362144,73.0433577184551
162.45125348189413,0.5525552839520209,2653.3504869275043,-1591.9061064257703,-446.35499999999996,1653.299076906733,-1061.2707376171802,-191.295,1078.3734768379245,65.60250478763986
163.45403899721447,0.5559661190381445,2506.102636060738,-1503.5485638469268,-446.35499999999996,1568.403988094635,-1002.3657092312847,-191.295,1020.4561686166321,58.52331075483949
164.4568245125348,0.559376954124268,2358.0871434085507,-1414.7279280197044,-446.35499999999996,1483.4715691053623,-943.1519520131365,-191.295,962.3561615177562,51.814448639149234
165.45961002785515,0.5627877892103916,2209.349347448075,-1325.4706344202946,-446.35499999999996,1398.6083042566056,-883.6470896135297,-191.295,904.1161186526106,45.48413775041788
166.46239554317546,0.5661986242965152,2059.93480790444,-1235.8030227950876,-446.35499999999996,1313.94135986903,-823.8686818633919,-191.295,845.7856595972308,39.54013361942463
167.4651810584958,0.5696094593826388,1909.889291795421,-1145.751271338609,-446.35499999999996,1229.625455900714,-763.8341808924062,-191.295,787.4239219915617,33.98971849625168
168.46796657381614,0.5730202944687625,1759.2587594126053,-1055.341327074288,-446.35499999999996,1145.8525658460253,-703.560884716192,-191.295,729.1033503747126,28.839692428492988
169.47075208913648,0.5764311295548861,1608.0893502433123,-964.598842545141,-446.35499999999996,1062.865802001563,-643.065895030094,-191.295,670.9154360840537,24.096364930228248
170.4735376044568,0.5798419646410096,1456.4273688376848,-873.5491386789946,-446.35499999999996,980.9795531568501,-582.3660924526631,-191.295,612.9796429438613,19.765547251972254
171.47632311977713,0.5832527997271332,1304.3192706251625,-782.2172279944672,-446.35499999999996,900.6090038392622,-521.4781519963116,-191.295,555.4576851880693,15.852545261065998
172.47910863509748,0.5866636348132568,1151.811647684776,-690.6279499679816,-446.35499999999996,822.313657494497,-460.4186333119878,-191.295,498.5770701966534,12.362152941235243
173.4818941504178,0.5900744698993803,998.9512144735866,-598.8062857722093,-446.35499999999996,746.8612681785746,-399.20419051480627,-191.295,442.67116774145313,9.298646519279181
174.48467966573816,0.5934853049855039,845.7847935176009,-506.7779196750811,-446.35499999999996,675.3196620084468,-337.85194645005413,-191.295,388.249552150534,6.6657792260841005
175.48746518105847,0.5968961400716275,692.3593010696396,-414.5700780481845,-446.35499999999996,609.1807085240616,-276.38005203212305,-191.295,336.1245456468168,4.466776698382554
176.4902506963788,0.6003069751577511,538.7217327384371,-322.21258256576954,-446.35499999999996,550.5031647399521,-214.8083883771797,-191.295,287.6393935854428,2.7043330268892882
177.49303621169915,0.6037178102438747,384.9191490934944,-229.73890082767966,-446.35499999999996,502.0087136479908,-153.1592672184531,-191.295,245.0541535250801,1.3806074556575572
178.4958217270195,0.6071286453299983,230.99866124997223,-137.1868140883619,-446.35499999999996,466.9614630616907,-91.45787605890794,-191.295,212.03377117385466,0.497221736697831
179.4986072423398,0.6105394804161218,77.00741643816369,-44.598255450642625,-446.35499999999996,448.57751884623104,-29.73217030042842,-191.295,193.59178437055039,0.055258143101298014
180.50139275766017,0.6139503155022454,0.0,1.7775310135219784,-446.35499999999996,446.35853933973755,1.185020675681319,-191.295,191.29867040573436,-0.0
181.50417827298048,0.617361150588369,0.0,1.9093819248955364,-446.35499999999996,446.35908388239966,1.272921283263691,-191.295,191.299235109797,-0.0
182.5069637883008,0.6207719856744925,0.0,1.9870585319932366,-446.35499999999996,446.35942291678975,1.3247056879954913,-191.295,191.29958669625975,-0.0
183.50974930362116,0.6241828207606163,0.0,2.00072966236789,-446.35499999999996,446.3594839859257,1.3338197749119267,-191.295,191.29965002631852,-0.0
184.51253481894148,0.6275936558467398,0.0,1.9469297554634766,-446.35499999999996,446.3592460792906,1.2979531703089844,-191.295,191.2994033117519,-0.0
185.51532033426182,0.6310044909328634,0.0,1.8287178472531194,-446.35499999999996,446.3587461156831,1.2191452315020799,-191.295,191.29888483756378,-0.0
186.51810584958216,0.634415326018987,0.0,1.6546403167739363,-446.35499999999996,446.35806686961297,1.1030935445159578,-191.295,191.29818044186396,-0.0
187.5208913649025,0.6378261611051106,0.0,1.4369639731467918,-446.35499999999996,446.35731302450966,0.9579759820978613,-191.295,191.29739868326038,-0.0
188.5236768802228,0.6412369961912341,0.0,1.189712577571889,-446.35499999999996,446.35658552441816,0.7931417183812595,-191.295,191.29664424339867,-0.0
189.52646239554318,0.6446478312773577,0.0,0.9269207377595955,-446.35499999999996,446.3559624414735,0.617947158506397,-191.295,191.29599808592627,-0.0
190.5292479108635,0.6480586663634813,0.0,0.6613305679708773,-446.35499999999996,446.35548992156475,0.44088704531391826,-191.295,191.29550806641205,-0.0
191.53203342618383,0.6514695014496049,0.0,0.40358844885754347,-446.35499999999996,446.3551824597044,0.26905896590502903,-191.295,191.29518921741635,-0.0
192.53481894150417,0.6548803365357285,0.0,0.16188957462504025,-446.35499999999996,446.3550293580597,0.10792638308336018,-191.295,191.29503044539385,-0.0
193.53760445682448,0.658291171621852,0.0,-0.05803370842084549,-446.35499999999996,446.3550037726824,-0.038689138947230334,-191.295,191.29500391241135,-0.0
194.54038997214482,0.6617020067079756,0.0,-0.2526941312807467,-446.35499999999996,446.35507152862505,-0.16846275418716447,-191.295,191.29507417782494,-0.0
195.54317548746516,0.6651128417940992,0.0,-0.4205037278869012,-446.35499999999996,446.35519807479017,-0.2803358185912675,-191.295,191.2952054108288,-0.0
196.5459610027855,0.6685236768802229,0.0,-0.5613787862146201,-446.35499999999996,446.35535302171695,-0.37425252414308013,-191.295,191.29536609638984,-0.0
197.54874651810582,0.6719345119663463,0.0,-0.6763501277751724,-446.35499999999996,446.35551242758874,-0.4509000851834484,-191.295,191.29553140595527,-0.0
198.55153203342618,0.67534534705247,0.0,-0.7672120970249757,-446.35499999999996,446.355659356305,-0.5114747313499838,-191.295,191.2956837761919,-0.0
199.5543175487465,0.6787561821385936,0.0,-0.8362270425198496,-446.35499999999996,446.35578331715004,-0.5574846950132332,-191.295,191.29581232788442,-0.0
200.55710306406684,0.6821670172247172,0.0,-0.8858902855622272,-446.35499999999996,446.35587912180347,-0.5905935237081515,-191.295,191.29591168059562,-0.0
201.55988857938718,0.6855778523108408,0.0,-0.9187530106883172,-446.35499999999996,446.35594555477206,-0.6125020071255448,-191.295,191.2959805738446,-0.0
202.56267409470752,0.6889886873969644,0.0,-0.9372962772086845,-446.35499999999996,446.35598410832495,-0.6248641848057898,-191.295,191.29602055518419,-0.0
203.56545961002783,0.6923995224830879,0.0,-0.9438475121384242,-446.35499999999996,446.35599791324205,-0.6292316747589495,-191.295,191.29603487134938,-0.0
204.56824512534817,0.6958103575692115,0.0,-0.9405305857856147,-446.35499999999996,446.35599091171923,-0.6270203905237431,-191.295,191.29602761053386,-0.0
205.5710306406685,0.6992211926553351,0.0,-0.9292412471153615,-446.35499999999996,446.35596726636834,-0.6194941647435743,-191.295,191.29600308950563,-0.0
206.57381615598882,0.7026320277414586,0.0,-0.9116408390111824,-446.35499999999996,446.35593097215514,-0.6077605593407883,-191.295,191.2959654511759,-0.0
207.57660167130916,0.7060428628275823,0.0,-0.8891625109119382,-446.35499999999996,446.35588562824034,-0.5927750072746255,-191.295,191.29591842799272,-0.0
208.5793871866295,0.7094536979137058,0.0,-0.8630254073072295,-446.35499999999996,446.35583432711354,-0.575350271538153,-191.295,191.2958652269697,-0.0
209.58217270194984,0.7128645329998294,0.0,-0.8342534331038246,-446.35499999999996,446.35577962404676,-0.5561689554025498,-191.295,191.29580849800905,-0.0
210.58495821727018,0.716275368085953,0.0,-0.8036961383015784,-446.35499999999996,446.35572355743653,-0.5357974255343856,-191.295,191.29575035499664,-0.0
211.58774373259052,0.7196862031720767,0.0,-0.7720500189942253,-446.35499999999996,446.355667698117,-0.5147000126628168,-191.295,191.29569242694157,-0.0
212.59052924791084,0.7230970382582002,0.0,-0.7398791141678513,-446.35499999999996,446.3556132122722,-0.49325274277856757,-191.295,191.2956359232177,-0.0
213.59331476323118,0.7265078733443238,0.0,-0.7076342124005438,-446.35499999999996,446.3555609278085,-0.47175614160036256,-191.295,191.29558170239358,-0.0
214.59610027855152,0.7299187084304474,0.0,-0.6756702963255533,-446.35499999999996,446.3555113979767,-0.45044686421703556,-191.295,191.2955303382112,-0.0
215.59888579387183,0.7333295435165709,0.0,-0.6442620713752246,-446.35499999999996,446.35546495883364,-0.4295080475834831,-191.295,191.29548217917468,-0.0
216.60167130919217,0.7367403786026946,0.0,-0.6136175715230433,-446.35499999999996,446.35542177901687,-0.40907838101536226,-191.295,191.29543740016857,-0.0
217.6044568245125,0.7401512136888181,0.0,-0.5838899273163142,-446.35499999999996,446.3553819015149,-0.38925995154420945,-191.295,191.2953960457749,-0.0
218.60724233983285,0.7435620487749417,0.0,-0.5551874355002451,-446.35499999999996,446.35534527782744,-0.37012495700016346,-191.295,191.29535806569848,-0.0
219.61002785515316,0.7469728838610653,0.0,-0.5275820966064628,-446.35499999999996,446.3553117952879,-0.35172139773764194,-191.295,191.29532334310116,-0.0
220.61281337047353,0.7503837189471889,0.0,-0.5011167957820873,-446.35499999999996,446.3552812984775,-0.33407786385472493,-191.295,191.29529171680917,-0.0
221.61559888579384,0.7537945540333124,0.0,-0.47581129930117,-446.35499999999996,446.3552536056818,-0.3172075328674467,-191.295,191.29526299837877,-0.0
222.61838440111418,0.7572053891194361,0.0,-0.4516672292287194,-446.35499999999996,446.3552285212821,-0.3011114861524796,-191.295,191.29523698494714,-0.0
223.62116991643452,0.7606162242055596,0.0,-0.42867216482002807,-446.35499999999996,446.35520584487966,-0.285781443213352,-191.295,191.29521346869421,-0.0
224.62395543175487,0.7640270592916832,0.0,-0.40680300361912203,-446.35499999999996,446.3551853778376,-0.27120200241274806,-191.295,191.29519224362673,-0.0
225.62674094707518,0.7674378943778069,0.0,-0.38602869929063016,-446.35499999999996,446.3551669278139,-0.25735246619375346,-191.295,191.29517311027965,-0.0
226.62952646239552,0.7708487294639303,0.0,-0.3663124778755717,-446.35499999999996,446.35515031175726,-0.24420831858371447,-191.295,191.29515587882213,-0.0
227.63231197771586,0.774259564550054,0.0,-0.34761361991895445,-446.35499999999996,446.35513535774265,-0.231742413279303,-191.295,191.29514037096212,-0.0
228.63509749303617,0.7776703996361776,0.0,-0.3298888830275587,-446.35499999999996,446.3551219059496,-0.21992592201837247,-191.295,191.29512642096026,-0.0
229.63788300835654,0.7810812347223012,0.0,-0.3130936279826041,-446.35499999999996,446.3551098090173,-0.20872908532173606,-191.295,191.29511387599803,-0.0
230.64066852367685,0.7844920698084247,0.0,-0.297182701531157,-446.35499999999996,446.355098931958,-0.19812180102077134,-191.295,191.29510259608853,-0.0
231.64345403899716,0.7879029048945483,0.0,-0.2821111203288385,-446.35499999999996,446.3550891517696,-0.18807408021922567,-191.295,191.2950924536739,-0.0
232.64623955431756,0.791313739980672,0.0,-0.26783459309940577,-446.35499999999996,446.35508035684916,-0.17855639539960386,-191.295,191.29508333301808,-0.0
233.64902506963787,0.7947245750667955,0.0,-0.25430991177695966,-446.35499999999996,446.3550724462882,-0.1695399411846398,-191.295,191.29507512947544,-0.0
234.65181058495818,0.7981354101529191,0.0,-0.24149523707406576,-446.35499999999996,446.3550653291049,-0.16099682471604385,-191.295,191.29506774869435,-0.0
235.65459610027852,0.8015462452390426,0.0,-0.22935029944226343,-446.35499999999996,446.3550589234537,-0.15290019962817564,-191.295,191.29506110579814,-0.0
236.65738161559884,0.8049570803251662,0.0,-0.21783653264859598,-446.35499999999996,446.3550531558424,-0.145224355099064,-191.295,191.29505512457268,-0.0
237.6601671309192,0.8083679154112899,0.0,-0.2069171540722174,-446.35499999999996,446.3550479603749,-0.13794476938147826,-191.295,191.29504973668136,-0.0
238.66295264623955,0.8117787504974134,0.0,-0.19655720322912915,-446.35499999999996,446.3550432780323,-0.1310381354860861,-191.295,191.29504488091933,-0.0
239.66573816155986,0.8151895855835369,0.0,-0.18672354788738157,-446.35499999999996,446.355039056,-0.12448236525825439,-191.295,191.29504050251606,-0.0
240.66852367688017,0.8186004206696605,0.0,-0.17738486536202028,-446.35499999999996,446.3550352470446,-0.11825657690801353,-191.295,191.29503655248868,-0.0
241.67130919220057,0.8220112557557843,0.0,-0.16851160511742277,-446.35499999999996,446.35503180894136,-0.11234107007828185,-191.295,191.29503298704861,-0.0
242.67409470752088,0.8254220908419078,0.0,-0.16007593760431196,-446.35499999999996,446.355028703952,-0.10671729173620799,-191.295,191.29502976705996,-0.0
243.6768802228412,0.8288329259280314,0.0,-0.1520516932741486,-446.35499999999996,446.3550258983508,-0.10136779551609908,-191.295,191.29502685754787,-0.0
244.67966573816153,0.8322437610141549,0.0,-0.14441429490908833,-446.35499999999996,446.35502336199664,-0.09627619660605889,-191.295,191.29502422725488,-0.0
245.6824512534819,0.8356545961002786,0.0,-0.1371406857497865,-446.35499999999996,446.3550210679473,-0.09142712383319102,-191.295,191.2950218482409,-0.0
246.6852367688022,0.8390654311864022,0.0,-0.13020925536683256,-446.35499999999996,446.3550189921137,-0.08680617024455506,-191.295,191.2950196955247,-0.0
247.68802228412255,0.8424762662725257,0.0,-0.12359976478953102,-446.35499999999996,446.35501711294995,-0.08239984319302068,-191.295,191.29501774676243,-0.0
248.69080779944287,0.8458871013586492,0.0,-0.11729327205524105,-446.35499999999996,446.35501541117657,-0.07819551470349405,-191.295,191.2950159819605,-0.0
249.69359331476318,0.8492979364447728,0.0,-0.11127205905714167,-446.35499999999996,446.35501386953314,-0.07418137270476112,-191.295,191.2950143832192,-0.0
250.69637883008355,0.8527087715308965,0.0,-0.10551956034363992,-446.35499999999996,446.3550124725582,-0.07034637356242661,-191.295,191.29501293450457,-0.0
251.6991643454039,0.85611960661702,0.0,-0.10002029433928855,-446.35499999999996,446.35501120639304,-0.06668019622619237,-191.295,191.29501162144444,-0.0
252.7019498607242,0.8595304417031436,0.0,-0.09475979731107602,-446.35499999999996,446.35501005860704,-0.06317319820738403,-191.295,191.29501043114786,-0.0
253.70473537604454,0.8629412767892671,0.0,-0.08972456029258338,-446.35499999999996,446.3550090180424,-0.05981637352838892,-191.295,191.29500935204382,-0.0
254.7075208913649,0.8663521118753909,0.0,-0.08490196908619091,-446.35499999999996,446.3550080746763,-0.05660131272412727,-191.295,191.29500837373828,-0.0
255.71030640668522,0.8697629469615145,0.0,-0.08028024739255017,-446.35499999999996,446.35500721949796,-0.05352016492836679,-191.295,191.29500748688673,-0.0
256.71309192200556,0.873173782047638,0.0,-0.07584840306525037,-446.35499999999996,446.35500644439986,-0.050565602043500246,-191.295,191.29500668308125,-0.0
257.71587743732584,0.8765846171337615,0.0,-0.07159617744627281,-446.35499999999996,446.3550057420804,-0.04773078496418188,-191.295,191.29500595474997,-0.0
258.7186629526462,0.8799954522198851,0.0,-0.06751399770628026,-446.35499999999996,446.35500510595807,-0.04500933180418685,-191.295,191.29500529506763,-0.0
259.7214484679666,0.8834062873060088,0.0,-0.06359293209292771,-446.35499999999996,446.35500453009485,-0.04239528806195181,-191.295,191.29500469787612,-0.0
260.72423398328687,0.8868171223921323,0.0,-0.05982464797489395,-446.35499999999996,446.3550040091278,-0.03988309864992931,-191.295,191.295004157614,-0.0
261.7270194986072,0.8902279574782559,0.0,-0.05620137255759049,-446.35499999999996,446.3550035382087,-0.03746758170506033,-191.295,191.29500366925342,-0.0
262.72980501392755,0.8936387925643794,0.0,-0.052715856141943664,-446.35499999999996,446.3550031129499,-0.03514390409462911,-191.295,191.29500322824427,-0.0
263.7325905292479,0.8970496276505031,0.0,-0.049361337793740426,-446.35499999999996,446.35500272937645,-0.03290755852916029,-191.295,191.29500283046445,-0.0
264.7353760445682,0.9004604627366267,0.0,-0.04613151329086565,-446.35499999999996,446.35500238388335,-0.030754342193910433,-191.295,191.2950024721753,-0.0
265.73816155988857,0.9038712978227502,0.0,-0.043020505217529696,-446.35499999999996,446.35500207319717,-0.028680336811686465,-191.295,191.29500214998225,-0.0
266.74094707520885,0.9072821329088738,0.0,-0.04002283507609199,-446.35499999999996,446.3550017943423,-0.02668189005072799,-191.295,191.2950018607994,-0.0
267.7437325905292,0.9106929679949973,0.0,-0.03713339729323118,-446.35499999999996,446.35500154461045,-0.024755598195487456,-191.295,191.29500160181823,-0.0
268.7465181058496,0.914103803081121,0.0,-0.0343474350004414,-446.35499999999996,446.3550013215336,-0.022898290000294266,-191.295,191.2950013704793,-0.0
269.7493036211699,0.9175146381672445,0.0,-0.03166051747349278,-446.35499999999996,446.35500112286,-0.021107011648995186,-191.295,191.2950011644474,-0.0
270.7520891364902,0.9209254732533682,0.0,-0.02906851912155885,-446.35499999999996,446.35500094653224,-0.0193790127477059,-191.295,191.295000981589,-0.0
271.75487465181055,0.9243363083394917,0.0,-0.026567599922869625,-446.35499999999996,446.3550007906681,-0.017711733281913083,-191.295,191.29500081995215,-0.0
272.7576601671309,0.9277471434256154,0.0,-0.024154187209302545,-446.35499999999996,446.3550006535434,-0.016102791472868364,-191.295,191.29500067774873,-0.0
273.76044568245123,0.931157978511739,0.0,-0.021824958705948985,-446.35499999999996,446.3550005335762,-0.01454997247063266,-191.295,191.2950005533383,-0.0
274.7632311977716,0.9345688135978625,0.0,-0.019576826738538017,-446.35499999999996,446.3550004293131,-0.013051217825692013,-191.295,191.29500044521362,-0.0
275.76601671309186,0.9379796486839861,0.0,-0.017406923528308017,-446.35499999999996,446.355000339417,-0.01160461568553868,-191.295,191.29500035198802,-0.0
276.76880222841226,0.9413904837701098,0.0,-0.015312587496693945,-446.35499999999996,446.3550002626556,-0.010208391664462631,-191.295,191.29500027238365,-0.0
277.7715877437326,0.9448013188562333,0.0,-0.013291350507048034,-446.35499999999996,446.3550001978918,-0.008860900338032022,-191.295,191.29500020522113,-0.0
278.7743732590529,0.9482121539423568,0.0,-0.011340925976435327,-446.35499999999996,446.3550001440743,-0.007560617317623551,-191.295,191.2950001494104,-0.0
279.7771587743732,0.9516229890284804,0.0,-0.009459197795206504,-446.35499999999996,446.3550001002301,-0.006306131863471003,-191.295,191.29500010394233,-0.0
280.77994428969356,0.9550338241146039,0.0,-0.007644209993759551,-446.35499999999996,446.3550000654568,-0.005096139995839702,-191.295,191.29500006788112,-0.0
281.7827298050139,0.9584446592007276,0.0,-0.00589415710170118,-446.35499999999996,446.35500003891644,-0.003929438067800787,-191.295,191.29500004035776,-0.0
282.78551532033424,0.9618554942868512,0.0,-0.004207375148893353,-446.35499999999996,446.3550000198295,-0.002804916765928902,-191.295,191.29500002056392,-0.0
283.7883008356546,0.9652663293729747,0.0,-0.0025823332570055,-446.35499999999996,446.35500000746987,-0.0017215555046703333,-191.295,191.29500000774655,-0.0
284.79108635097487,0.9686771644590983,0.0,-0.0010176257788162657,-446.35499999999996,446.35500000116,-0.0006784171858775105,-191.295,191.29500000120296,-0.0
285.79387186629526,0.9720879995452221,0.0,0.0004880350573681247,-446.35499999999996,446.3550000002668,0.00032535670491208314,-191.295,191.29500000027667,-0.0
286.7966573816156,0.9754988346313456,0.0,0.0019358260410763254,-446.35499999999996,446.3550000041978,0.0012905506940508837,-191.295,191.29500000435326,-0.0
287.7994428969359,0.9789096697174691,0.0,0.00332681944559873,-446.35499999999996,446.35500001239785,0.0022178796303991533,-191.295,191.29500001285706,-0.0
288.8022284122562,0.9823205048035927,0.0,0.004661989102031363,-446.35499999999996,446.3550000243462,0.003107992734687575,-191.295,191.29500002524796,-0.0
289.80501392757657,0.9857313398897162,0.0,0.005942216116327326,-446.35499999999996,446.3550000395536,0.003961477410884885,-191.295,191.29500004101857,-0.0
290.8077994428969,0.9891421749758399,0.0,0.007168294260159089,-446.35499999999996,446.35500005756006,0.004778862840106059,-191.295,191.2950000596919,-0.0
291.81058495821725,0.9925530100619635,0.0,0.008340935065159018,-446.35499999999996,446.3550000779326,0.005560623376772679,-191.295,191.29500008081897,-0.0
292.8133704735376,0.995963845148087,0.0,0.00946077264888918,-446.35499999999996,446.35500010026345,0.0063071817659261205,-191.295,191.29500010397695,-0.0
293.8161559888579,0.9993746802342106,0.0,0.010528368300115774,-446.35499999999996,446.35500012416855,0.0070189122000771835,-191.295,191.2950001287674,-0.0
294.81894150417827,1.0027855153203342,0.0,0.01154421484836089,-446.35499999999996,446.35500014928573,0.007696143232240595,-191.295,191.29500015481486,-0.0
295.8217270194986,1.006196350406458,0.0,0.012508740842255445,-446.35499999999996,446.3550001752737,0.008339160561503632,-191.295,191.29500018176532,-0.0
296.8245125348189,1.0096071854925814,0.0,0.013422314561008824,-446.35499999999996,446.3550002018108,0.008948209707339217,-191.295,191.29500020928526,-0.0
297.82729805013923,1.013018020578705,0.0,0.014285247880409652,-446.35499999999996,446.3550002285942,0.00952349858693977,-191.295,191.2950002370606,-0.0
298.83008356545963,1.0164288556648287,0.0,0.015097800015672735,-446.35499999999996,446.35500025533884,0.010065200010448493,-191.295,191.29500026479585,-0.0
299.8328690807799,1.0198396907509522,0.0,0.015860181161470623,-446.35499999999996,446.35500028177717,0.010573454107647083,-191.295,191.29500029221342,-0.0
300.83565459610026,1.0232505258370757,0.0,0.01657255604986311,-446.35499999999996,446.35500030765826,0.01104837069990874,-191.295,191.295000319053,-0.0
301.8384401114206,1.0266613609231994,0.0,0.017235047445256897,-446.35499999999996,446.3550003327473,0.011490031630171265,-191.295,191.2950003450713,-0.0
302.8412256267409,1.0300721960093229,0.0,0.017847739594174954,-446.35499999999996,446.3550003568256,0.011898493062783304,-191.295,191.29500037004138,-0.0
303.8440111420613,1.0334830310954466,0.0,0.01841068164944764,-446.35499999999996,446.3550003796901,0.012273787766298429,-191.295,191.29500039375273,-0.0
304.8467966573816,1.03689386618157,0.0,0.01892389108523392,-446.35499999999996,446.35500040115335,0.012615927390155946,-191.295,191.29500041601094,-0.0
305.8495821727019,1.0403047012676936,0.0,0.019387357119270417,-446.35499999999996,446.35500042104337,0.01292490474618028,-191.295,191.29500043663754,-0.0
306.85236768802224,1.0437155363538173,0.0,0.019801044158617335,-446.35499999999996,446.3550004392035,0.013200696105744892,-191.295,191.29500045547027,-0.0
307.85515320334264,1.047126371439941,0.0,0.020164895284596574,-446.35499999999996,446.3550004554928,0.013443263523064384,-191.295,191.29500047236291,-0.0
308.8579387186629,1.0505372065260645,0.0,0.020478835790766765,-446.35499999999996,446.35500046978603,0.013652557193844513,-191.295,191.29500048718552,-0.0
309.86072423398326,1.053948041612188,0.0,0.020742776786933932,-446.35499999999996,446.3550004819737,0.013828517857955955,-191.295,191.29500049982462,-0.0
310.8635097493036,1.0573588766983115,0.0,0.02095661888212862,-446.35499999999996,446.3550004919625,0.013971079254752414,-191.295,191.29500051018334,-0.0
311.8662952646239,1.060769711784435,0.0,0.02112025595835212,-446.35499999999996,446.3550004996754,0.014080170638901416,-191.295,191.29500051818187,-0.0
312.8690807799443,1.0641805468705587,0.0,0.021233579044215155,-446.35499999999996,446.35500050505186,0.014155719362810106,-191.295,191.29500052375752,-0.0
313.8718662952646,1.0675913819566825,0.0,0.021296480297063023,-446.35499999999996,446.3550005080486,0.01419765353137535,-191.295,191.2950005268652,-0.0
314.8746518105849,1.071002217042806,0.0,0.021308857101693512,-446.35499999999996,446.3550005086393,0.014205904734462342,-191.295,191.29500052747778,-0.0
315.87743732590525,1.0744130521289295,0.0,0.02127061628970302,-446.35499999999996,446.3550005068153,0.014180410859802015,-191.295,191.29500052558626,-0.0
316.8802228412256,1.0778238872150532,0.0,0.021181678483506956,-446.35499999999996,446.35500050258594,0.014121118989004639,-191.295,191.29500052120022,-0.0
317.88300835654593,1.0812347223011767,0.0,0.021041982565945902,-446.35499999999996,446.3550004959786,0.014027988377297268,-191.295,191.29500051434815,-0.0
318.88579387186627,1.0846455573873002,0.0,0.020851490274285397,-446.35499999999996,446.35500048703904,0.013900993516190266,-191.295,191.29500050507752,-0.0
319.8885793871866,1.088056392473424,0.0,0.02061019091446968,-446.35499999999996,446.35500047583196,0.013740127276313123,-191.295,191.29500049345538,-0.0
320.8913649025069,1.0914672275595474,0.0,0.02031810618930155,-446.35499999999996,446.35500046244067,0.013545404126201033,-191.295,191.29500047956813,-0.0
321.8941504178273,1.0948780626456711,0.0,0.01997529513115565,-446.35499999999996,446.35500044696755,0.013316863420770434,-191.295,191.29500046352192,-0.0
322.89693593314763,1.0982888977317946,0.0,0.019581859124912164,-446.35499999999996,446.35500042953385,0.013054572749941443,-191.295,191.29500044544255,-0.0
323.8997214484679,1.101699732817918,0.0,0.01913794700665354,-446.35499999999996,446.35500041027996,0.012758631337769027,-191.295,191.29500042547548,-0.0
324.90250696378826,1.1051105679040418,0.0,0.018643760216780433,-446.35499999999996,446.3550003893647,0.012429173477853623,-191.295,191.29500040378565,-0.0
325.9052924791086,1.1085214029901655,0.0,0.018099557983466602,-446.35499999999996,446.3550003669657,0.012066371988977736,-191.295,191.29500038055707,-0.0
326.90807799442894,1.111932238076289,0.0,0.017505662510556692,-446.35499999999996,446.35500034327856,0.011670441673704462,-191.295,191.29500035599258,-0.0
327.9108635097493,1.1153430731624125,0.0,0.016862464137208395,-446.35499999999996,446.3550003185163,0.011241642758138931,-191.295,191.2950003303132,-0.0
328.9136490250696,1.118753908248536,0.0,0.016170426434098967,-446.35499999999996,446.35500029290887,0.010780284289399311,-191.295,191.29500030375735,-0.0
329.91643454038996,1.1221647433346598,0.0,0.015430091197504974,-446.35499999999996,446.3550002667022,0.010286727465003316,-191.295,191.29500027658003,-0.0
330.9192200557103,1.1255755784207833,0.0,0.01464208329805437,-446.35499999999996,446.35500024015704,0.00976138886536958,-191.295,191.29500024905175,-0.0
331.9220055710306,1.128986413506907,0.0,0.013807115338724429,-446.35499999999996,446.35500021354795,0.00920474355914962,-191.295,191.29500022145717,-0.0
332.9247910863509,1.1323972485930305,0.0,0.012925992072262893,-446.35499999999996,446.35500018716186,0.008617328048175261,-191.295,191.29500019409377,-0.0
333.92757660167126,1.135808083679154,0.0,0.011999614526150929,-446.35499999999996,446.3550001612962,0.007999743017433952,-191.295,191.29500016727013,-0.0
334.9303621169916,1.1392189187652777,0.0,0.011028983781682801,-446.35499999999996,446.3550001362575,0.007352655854455201,-191.295,191.29500014130414,-0.0
335.93314763231194,1.1426297538514012,0.0,0.010015204351000341,-446.35499999999996,446.35500011235933,0.006676802900666895,-191.295,191.2950001165208,-0.0
336.9359331476323,1.146040588937525,0.0,0.008959487096177715,-446.35499999999996,446.3550000899199,0.005972991397451811,-191.295,191.29500009325028,-0.0
337.93871866295257,1.1494514240236484,0.0,0.007863151633328982,-446.35499999999996,446.3550000692601,0.005242101088885989,-191.295,191.29500007182526,-0.0
338.94150417827296,1.1528622591097721,0.0,0.006727628167050372,-446.35499999999996,446.3550000507006,0.004485085444700248,-191.295,191.29500005257844,-0.0
339.9442896935933,1.1562730941958956,0.0,0.005554458701444533,-446.35499999999996,446.3550000345599,0.003702972467629689,-191.295,191.29500003583993,-0.0
340.9470752089136,1.1596839292820191,0.0,0.004345297576032641,-446.35499999999996,446.3550000211509,0.002896865050688428,-191.295,191.29500002193424,-0.0
341.94986072423393,1.1630947643681426,0.0,0.003101911280848233,-446.35499999999996,446.3550000107782,0.0020679408538988218,-191.295,191.29500001117742,-0.0
342.95264623955427,1.1665055994542664,0.0,0.0018261775094743703,-446.35499999999996,446.3550000037357,0.0012174516729829138,-191.295,191.29500000387407,-0.0
343.9554317548746,1.16991643454039,0.0,0.0005200834129961452,-446.35499999999996,446.355000000303,0.0003467222753307635,-191.295,191.2950000003142,-0.0
344.95821727019495,1.1733272696265136,0.0,-0.0008142769727095429,-446.35499999999996,446.35500000074273,-0.0005428513151396953,-191.295,191.29500000077024,-0.0
345.9610027855153,1.176738104712637,0.0,-0.0021747061447322737,-446.35499999999996,446.3550000052977,-0.0014498040964881827,-191.295,191.29500000549393,-0.0
346.9637883008356,1.1801489397987606,0.0,-0.0035589074087293633,-446.35499999999996,446.355000014188,-0.002372604939152909,-191.295,191.29500001471354,-0.0
347.966573816156,1.1835597748848843,0.0,-0.004964490012416869,-446.35499999999996,446.35500002760824,-0.003309660008277913,-191.295,191.29500002863077,-0.0
348.9693593314763,1.1869706099710078,0.0,-0.006388975126050119,-446.35499999999996,446.3550000457248,-0.00425931675070008,-191.295,191.2950000474183,-0.0
349.9721448467966,1.1903814450571315,0.0,-0.00782980264935645,-446.35499999999996,446.3550000686738,-0.005219868432904302,-191.295,191.2950000712173,-0.0
350.97493036211694,1.193792280143255,0.0,-0.009284338812523526,-446.35499999999996,446.3550000965587,-0.006189559208349018,-191.295,191.29500010013498,-0.0
351.97771587743733,1.1972031152293787,0.0,-0.010749884526706732,-446.35499999999996,446.3550001294485,-0.007166589684471154,-191.295,191.29500013424294,-0.0
352.9805013927576,1.2006139503155022,0.0,-0.012223684428127672,-446.35499999999996,446.3550001673762,-0.008149122952085116,-191.295,191.29500017357537,-0.0
353.98328690807796,1.2040247854016257,0.0,-0.013702936550105103,-446.35499999999996,446.35500021033755,-0.009135291033403402,-191.295,191.29500021812788,-0.0
354.9860724233983,1.2074356204877494,0.0,-0.015184802546576386,-446.35499999999996,446.35500025829015,-0.01012320169771759,-191.295,191.29500026785647,-0.0
355.9888579387186,1.210846455573873,0.0,-0.016666418379954476,-446.35499999999996,446.3550003111531,-0.011110945586636318,-191.295,191.29500032267728,-0.0
356.991643454039,1.2142572906599967,0.0,-0.01814490538013051,-446.35499999999996,446.3550003688068,-0.012096603586753674,-191.295,191.29500038246638,-0.0
357.9944289693593,1.2176681257461202,0.0,-0.019617381574695506,-446.35499999999996,446.3550004310937,-0.01307825438313034,-191.295,191.29500044706012,-0.0
358.9972144846796,1.2210789608322437,0.0,-0.01544685588607485,-446.35499999999996,446.35500026728204,-0.010297903924049901,-191.295,191.29500027718137,-0.0
360.0,1.2244897959183674,0.0,-0.010541954897042852,-446.35499999999996,446.3550001244892,-0.007027969931361903,-191.295,191.29500012909995,-0.0
